flexao cabeca:	140.5594177072876
flexao cabeca:	140.54552646667395
flexao cabeca:	140.53378650184916
flexao cabeca:	140.51642288252836
flexao cabeca:	140.48331657708465
flexao cabeca:	140.4750605454452
flexao cabeca:	140.52475612027183
flexao cabeca:	140.5769523059235
flexao cabeca:	140.59882807122605
flexao cabeca:	140.64086623386905
flexao cabeca:	140.70215049405473
flexao cabeca:	140.7383462965832
flexao cabeca:	140.77747148174626
flexao cabeca:	140.80709507868585
flexao cabeca:	140.84400250320442
flexao cabeca:	140.8680060882781
flexao cabeca:	140.87814911377856
flexao cabeca:	140.91781934800233
flexao cabeca:	140.91679785419853
flexao cabeca:	140.94630246753198
flexao cabeca:	140.91105025420055
flexao cabeca:	140.86384555521767
flexao cabeca:	140.87625689688292
flexao cabeca:	140.85883846181366
flexao cabeca:	140.846776719377
flexao cabeca:	140.79607897508112
flexao cabeca:	140.74352701294998
flexao cabeca:	140.71797482160207
flexao cabeca:	140.73110750459415
flexao cabeca:	140.78802307010073
flexao cabeca:	140.87293470708323
flexao cabeca:	140.94910894237938
flexao cabeca:	141.05280172081424
flexao cabeca:	141.16162403059138
flexao cabeca:	141.31812189205996
flexao cabeca:	141.3899430980052
flexao cabeca:	141.43741635533954
flexao cabeca:	141.44381779498337
flexao cabeca:	141.47919717100035
flexao cabeca:	141.5679073686509
flexao cabeca:	141.6786808707251
flexao cabeca:	141.77009462348246
flexao cabeca:	141.83062520597608
flexao cabeca:	141.75992163699738
flexao cabeca:	141.79840284573663
flexao cabeca:	141.70775355631224
flexao cabeca:	141.71777914850801
flexao cabeca:	141.74126424323038
flexao cabeca:	141.7984451514467
flexao cabeca:	141.93052413525052
flexao cabeca:	142.01575770905055
flexao cabeca:	142.11049122177957
flexao cabeca:	142.2074555071895
flexao cabeca:	142.33011371709017
flexao cabeca:	142.399984731195
flexao cabeca:	142.65110741178017
flexao cabeca:	142.84130026211946
flexao cabeca:	143.01260081427384
flexao cabeca:	143.23302230640545
flexao cabeca:	143.50039418177172
flexao cabeca:	143.78412256393042
flexao cabeca:	144.13563742691105
flexao cabeca:	144.52006103203956
flexao cabeca:	145.00380125217328
flexao cabeca:	145.57833617874945
flexao cabeca:	146.2240520310365
flexao cabeca:	146.88340647678643
flexao cabeca:	147.53463702613482
flexao cabeca:	148.19196117293308
flexao cabeca:	148.8087242220903
flexao cabeca:	149.37343269944998
flexao cabeca:	149.90789364728923
flexao cabeca:	150.4152444912708
flexao cabeca:	150.86261373942546
flexao cabeca:	151.28063770561292
flexao cabeca:	151.66727250273567
flexao cabeca:	152.05321505298718
flexao cabeca:	152.46636595576192
flexao cabeca:	152.88909316291276
flexao cabeca:	153.33100770857337
flexao cabeca:	153.81689770079512
flexao cabeca:	154.33883848196865
flexao cabeca:	154.82659725403244
flexao cabeca:	155.34704441969407
flexao cabeca:	155.8263939345582
flexao cabeca:	156.27541679726085
flexao cabeca:	156.6574122813724
flexao cabeca:	156.93338949980767
flexao cabeca:	157.07400898694243
flexao cabeca:	157.12625314446223
flexao cabeca:	157.13391667038618
flexao cabeca:	157.09751265435378
flexao cabeca:	157.0090161829465
flexao cabeca:	156.89779414748804
flexao cabeca:	156.78477903733986
flexao cabeca:	156.6628127136194
flexao cabeca:	156.50702763167553
flexao cabeca:	156.28249599785286
flexao cabeca:	155.94219538219426
flexao cabeca:	155.5628162190481
flexao cabeca:	155.09123715910007
flexao cabeca:	154.52512821752
flexao cabeca:	153.94420202101074
flexao cabeca:	153.29538623783694
flexao cabeca:	152.65896548745144
flexao cabeca:	151.98301241807928
flexao cabeca:	151.30545170598145
flexao cabeca:	150.61636382608782
flexao cabeca:	149.90311071549874
flexao cabeca:	149.1855886493
flexao cabeca:	148.51731334691294
flexao cabeca:	147.90059944689227
flexao cabeca:	147.3238964001251
flexao cabeca:	146.7951267789978
flexao cabeca:	146.27152131222223
flexao cabeca:	145.75540843682097
flexao cabeca:	145.23546684163594
flexao cabeca:	144.71692840990045
flexao cabeca:	144.152567604633
flexao cabeca:	143.58386752880423
flexao cabeca:	143.02598551608736
flexao cabeca:	142.44538811220986
flexao cabeca:	141.87825002389152
flexao cabeca:	141.3455316887373
flexao cabeca:	140.8345197896113
flexao cabeca:	140.2891857787795
flexao cabeca:	139.80057192491304
flexao cabeca:	139.28732315315324
flexao cabeca:	138.81552967601243
flexao cabeca:	138.41939388069602
flexao cabeca:	138.10151504642124
flexao cabeca:	137.70921015925313
flexao cabeca:	137.3280650612963
flexao cabeca:	136.97995275857022
flexao cabeca:	136.6092386282293
flexao cabeca:	136.25602974311263
flexao cabeca:	135.96515352738396
flexao cabeca:	135.66890341131082
flexao cabeca:	135.36653726356963
flexao cabeca:	135.13740549568007
flexao cabeca:	134.94251413753693
flexao cabeca:	134.75089768682534
flexao cabeca:	134.62453479947445
flexao cabeca:	134.51947570418673
flexao cabeca:	134.44976853414758
flexao cabeca:	134.42288349968703
flexao cabeca:	134.46606121048083
flexao cabeca:	134.58262275214503
flexao cabeca:	134.78908625229585
flexao cabeca:	135.0659789622503
flexao cabeca:	135.44856996104002
flexao cabeca:	135.92190792929105
flexao cabeca:	136.5047863010814
flexao cabeca:	137.11672629691984
flexao cabeca:	137.75946968329427
flexao cabeca:	138.4237202451621
flexao cabeca:	139.12145125372933
flexao cabeca:	139.80294245199755
flexao cabeca:	140.492489094928
flexao cabeca:	141.1853471404802
flexao cabeca:	141.92009841011878
flexao cabeca:	142.6373097337002
flexao cabeca:	143.34419881782762
flexao cabeca:	144.0577637919849
flexao cabeca:	144.73859978515281
flexao cabeca:	145.37713173864182
flexao cabeca:	145.97707978549522
flexao cabeca:	146.5423844942314
flexao cabeca:	147.09855588080922
flexao cabeca:	147.6290088897375
flexao cabeca:	148.1447809703062
flexao cabeca:	148.6724224198962
flexao cabeca:	149.1568706232989
flexao cabeca:	149.64307327544864
flexao cabeca:	150.11042935088537
flexao cabeca:	150.53367762384914
flexao cabeca:	150.91705928225437
flexao cabeca:	151.2062997163634
flexao cabeca:	151.47955887433838
flexao cabeca:	151.79756210870087
flexao cabeca:	152.17977407818051
flexao cabeca:	152.60831563571762
flexao cabeca:	153.05506713255082
flexao cabeca:	153.4189968712684
flexao cabeca:	153.71790411531802
flexao cabeca:	153.94201039420892
flexao cabeca:	154.07727252882597
flexao cabeca:	154.12463522727845
flexao cabeca:	154.10585954541224
flexao cabeca:	154.0083369598575
flexao cabeca:	153.82804129205823
flexao cabeca:	153.58986558788027
flexao cabeca:	153.3171857949937
flexao cabeca:	153.0146132924791
flexao cabeca:	152.6311218733308
flexao cabeca:	152.22278053507185
flexao cabeca:	151.75461226151126
flexao cabeca:	151.23944341288427
flexao cabeca:	150.69804076785988
flexao cabeca:	150.12183701185873
flexao cabeca:	149.48349972292084
flexao cabeca:	148.77888411489576
flexao cabeca:	148.0147904812956
flexao cabeca:	147.17800268456472
flexao cabeca:	146.2636702016032
flexao cabeca:	145.3110616389767
flexao cabeca:	144.34436990059535
flexao cabeca:	143.33679153803766
flexao cabeca:	142.41286841491115
flexao cabeca:	141.59412895579038
flexao cabeca:	140.86806016231452
flexao cabeca:	140.19963281813062
flexao cabeca:	139.59692426136453
flexao cabeca:	139.03019178007796
flexao cabeca:	138.42294556060747
flexao cabeca:	137.9289946345612
flexao cabeca:	137.51015138583168
flexao cabeca:	137.03190480139654
flexao cabeca:	136.62801280132948
flexao cabeca:	136.21975361743998
flexao cabeca:	135.82946273253535
flexao cabeca:	135.45842355139396
flexao cabeca:	135.10277652675992
flexao cabeca:	134.78158350565468
flexao cabeca:	134.4465009155774
flexao cabeca:	134.21838623732657
flexao cabeca:	134.03360115955317
flexao cabeca:	133.93093160895558
flexao cabeca:	133.86353127859266
flexao cabeca:	133.87182096965228
flexao cabeca:	133.93918748401427
flexao cabeca:	133.96875879073866
flexao cabeca:	134.02195784278632
flexao cabeca:	134.1211265475483
flexao cabeca:	134.25879333780472
flexao cabeca:	134.4093364115553
flexao cabeca:	134.55595628874437
flexao cabeca:	134.7796335125804
flexao cabeca:	134.98364961199644
flexao cabeca:	135.25909323633982
flexao cabeca:	135.5075613170202
flexao cabeca:	135.7623312868939
flexao cabeca:	136.00289927833495
flexao cabeca:	136.31915715050326
flexao cabeca:	136.613412351148
flexao cabeca:	137.02030423041893
flexao cabeca:	137.49618990759984
flexao cabeca:	138.03313478403004
flexao cabeca:	138.60101951776247
flexao cabeca:	139.18610449075024
flexao cabeca:	139.8198318084708
flexao cabeca:	140.45419174685435
flexao cabeca:	141.12705792643052
flexao cabeca:	141.8181861717075
flexao cabeca:	142.5784055124995
flexao cabeca:	143.34349957354783
flexao cabeca:	144.06995285011644
flexao cabeca:	144.7192405800478
flexao cabeca:	145.32574991699298
flexao cabeca:	145.83374863416807
flexao cabeca:	146.23781088710618
flexao cabeca:	146.5247984260034
flexao cabeca:	146.78256210291056
flexao cabeca:	147.03372576610727
flexao cabeca:	147.32675196730148
flexao cabeca:	147.6947563246293
flexao cabeca:	148.13525619623417
flexao cabeca:	148.62085483336173
flexao cabeca:	149.13021334770363
flexao cabeca:	149.6791935831319
flexao cabeca:	150.2421862420766
flexao cabeca:	150.79076567692795
flexao cabeca:	151.35838524337115
flexao cabeca:	151.9313462080287
flexao cabeca:	152.41477160749895
flexao cabeca:	152.84011430729933
flexao cabeca:	153.18530278569813
flexao cabeca:	153.44933323528974
flexao cabeca:	153.68941125874795
flexao cabeca:	153.90644087407503
flexao cabeca:	154.0761610657614
flexao cabeca:	154.18555128075116
flexao cabeca:	154.2391015850518
flexao cabeca:	154.22733271677996
flexao cabeca:	154.15589487038798
flexao cabeca:	154.03766443121003
flexao cabeca:	153.8953046874315
flexao cabeca:	153.70860635634264
flexao cabeca:	153.42743977856853
flexao cabeca:	153.07901803178976
flexao cabeca:	152.60423134536808
flexao cabeca:	151.9798252374557
flexao cabeca:	151.24027018942877
flexao cabeca:	150.3955595554033
flexao cabeca:	149.42410753537638
flexao cabeca:	148.52743729701683
flexao cabeca:	147.65602648954294
flexao cabeca:	146.83460318549146
flexao cabeca:	146.0458249765827
flexao cabeca:	145.24518938137408
flexao cabeca:	144.4434620924137
flexao cabeca:	143.5972465289033
flexao cabeca:	142.78698631683545
flexao cabeca:	141.97785067479046
flexao cabeca:	141.2262350324051
flexao cabeca:	140.5504767909123
flexao cabeca:	139.89638399847567
flexao cabeca:	139.22212543471076
flexao cabeca:	138.66127336944442
flexao cabeca:	138.1594105107766
flexao cabeca:	137.67302536793025
flexao cabeca:	137.21114004648413
flexao cabeca:	136.82185317177087
flexao cabeca:	136.46786242256653
flexao cabeca:	136.0885022225337
flexao cabeca:	135.6956509270348
flexao cabeca:	135.3285854066504
flexao cabeca:	134.93205714105497
flexao cabeca:	134.56981959512706
flexao cabeca:	134.30562356413333
flexao cabeca:	134.06261844124373
flexao cabeca:	133.95124979672292
flexao cabeca:	133.93270757444787
flexao cabeca:	133.9467401297643
flexao cabeca:	133.93083090460627
flexao cabeca:	133.92046014544408
flexao cabeca:	133.8870326110689
flexao cabeca:	133.88748287963136
flexao cabeca:	133.83637689375044
flexao cabeca:	133.8404415857707
flexao cabeca:	133.93318178906893
flexao cabeca:	134.0668022328265
flexao cabeca:	134.23754453283257
flexao cabeca:	134.4653796923085
flexao cabeca:	134.88078726220115
flexao cabeca:	135.453159979902
flexao cabeca:	136.14109815054215
flexao cabeca:	136.95220691723202
flexao cabeca:	137.83603118890517
flexao cabeca:	138.76307388866076
flexao cabeca:	139.77894194319563
flexao cabeca:	140.92171072758873
flexao cabeca:	141.97944698033007
flexao cabeca:	143.03516911828365
flexao cabeca:	144.0774370589392
flexao cabeca:	145.08415078676933
flexao cabeca:	146.0427259958795
flexao cabeca:	146.89232037484516
flexao cabeca:	147.6688739889911
flexao cabeca:	148.34285232890846
flexao cabeca:	148.92703302274703
flexao cabeca:	149.51117652172772
flexao cabeca:	150.05390571398388
flexao cabeca:	150.5738252688154
flexao cabeca:	151.10075599079389
flexao cabeca:	151.57131193557194
flexao cabeca:	152.02559917628477
flexao cabeca:	152.41761627778666
flexao cabeca:	152.76994105549056
flexao cabeca:	153.07869350413503
flexao cabeca:	153.35931725184832
flexao cabeca:	153.60335525083454
flexao cabeca:	153.82805058981975
flexao cabeca:	154.01790965328766
flexao cabeca:	154.14363432751557
flexao cabeca:	154.20117976707405
flexao cabeca:	154.21981494374634
flexao cabeca:	154.21376032231947
flexao cabeca:	154.21973814169544
flexao cabeca:	154.23208764550682
flexao cabeca:	154.26386869348727
flexao cabeca:	154.2863060095749
flexao cabeca:	154.28484110897026
flexao cabeca:	154.24068795318414
flexao cabeca:	154.1962473274447
flexao cabeca:	154.11117542264233
flexao cabeca:	153.98687778305694
flexao cabeca:	153.8162122470994
flexao cabeca:	153.5768527724544
flexao cabeca:	153.31715690586296
flexao cabeca:	152.99162429542554
flexao cabeca:	152.62092235011357
flexao cabeca:	152.19262336188632
flexao cabeca:	151.69159216033052
flexao cabeca:	151.0995788074422
flexao cabeca:	150.47003122864967
flexao cabeca:	149.8296121766686
flexao cabeca:	149.140699061638
flexao cabeca:	148.4740249179027
flexao cabeca:	147.82913217324855
flexao cabeca:	147.1931259068452
flexao cabeca:	146.55023497139263
flexao cabeca:	145.8915888290368
flexao cabeca:	145.2743159085204
flexao cabeca:	144.6780985553523
flexao cabeca:	144.08304992828894
flexao cabeca:	143.49316964132817
flexao cabeca:	142.9095211649144
flexao cabeca:	142.35682372917864
flexao cabeca:	141.81095867353284
flexao cabeca:	141.27491127242124
flexao cabeca:	140.70833215395308
flexao cabeca:	140.22232553787163
flexao cabeca:	139.79274054861824
flexao cabeca:	139.3803957505378
flexao cabeca:	139.02691200704405
flexao cabeca:	138.68554099253421
flexao cabeca:	138.362701601293
flexao cabeca:	138.11884714689165
flexao cabeca:	137.84563012757437
flexao cabeca:	137.67777879536538
flexao cabeca:	137.44323809671647
flexao cabeca:	137.26392379165705
flexao cabeca:	137.10008068873606
flexao cabeca:	136.97928078023781
flexao cabeca:	136.9302181681417
flexao cabeca:	136.92638737852525
flexao cabeca:	137.02908932343084
flexao cabeca:	137.11029615625708
flexao cabeca:	137.2818198939092
flexao cabeca:	137.42509694840538
flexao cabeca:	137.57545420529382
flexao cabeca:	137.77354880751622
flexao cabeca:	137.98841165295462
flexao cabeca:	138.23739967215755
flexao cabeca:	138.57746793535404
flexao cabeca:	138.8924125963807
flexao cabeca:	139.30451751973632
flexao cabeca:	139.70473709119636
flexao cabeca:	140.1190794733689
flexao cabeca:	140.55721687622506
flexao cabeca:	140.93726577369662
flexao cabeca:	141.4095659584183
flexao cabeca:	141.80721319843983
flexao cabeca:	142.217786169956
flexao cabeca:	142.66495452192643
flexao cabeca:	143.1225879389538
flexao cabeca:	143.58135000000814
flexao cabeca:	144.0635204027987
flexao cabeca:	144.57413836993138
flexao cabeca:	145.08084145186817
flexao cabeca:	145.60521356392113
flexao cabeca:	146.17368898202008
flexao cabeca:	146.73921227515106
flexao cabeca:	147.3569882909975
flexao cabeca:	147.94713656119018
flexao cabeca:	148.5367529572371
flexao cabeca:	149.11200057588192
flexao cabeca:	149.6052821396303
flexao cabeca:	150.0733432012501
flexao cabeca:	150.55364173956295
flexao cabeca:	151.06790069638842
flexao cabeca:	151.59308984531376
flexao cabeca:	152.13325547428016
flexao cabeca:	152.67732141805587
flexao cabeca:	153.22333425800915
flexao cabeca:	153.80239136252854
flexao cabeca:	154.3715279467877
flexao cabeca:	154.97425452688026
flexao cabeca:	155.59295278377917
flexao cabeca:	156.17393881271232
flexao cabeca:	156.73107096517398
flexao cabeca:	157.2456466422948
flexao cabeca:	157.70277882078815
flexao cabeca:	158.07829925690658
flexao cabeca:	158.39773830426827
flexao cabeca:	158.67101534631354
flexao cabeca:	158.90495843708402
flexao cabeca:	159.05724647281252
flexao cabeca:	159.1261502504977
flexao cabeca:	159.1416317402731
flexao cabeca:	159.10533344234926
flexao cabeca:	159.04683681206134
flexao cabeca:	158.97789600250186
flexao cabeca:	158.8797271624637
flexao cabeca:	158.7535275117813
flexao cabeca:	158.58474840117466
flexao cabeca:	158.34213395792696
flexao cabeca:	158.0418535044088
flexao cabeca:	157.67592451431068
flexao cabeca:	157.22784931423882
flexao cabeca:	156.73525137891346
flexao cabeca:	156.16824712429204
flexao cabeca:	155.49514287719015
flexao cabeca:	154.784347486497
flexao cabeca:	154.02687651268192
flexao cabeca:	153.2784744935204
flexao cabeca:	152.49124083133256
flexao cabeca:	151.67581530107168
flexao cabeca:	150.89633872862973
flexao cabeca:	150.07805091149444
flexao cabeca:	149.23158627372285
flexao cabeca:	148.36753740251947
flexao cabeca:	147.4881070188471
flexao cabeca:	146.60435233735183
flexao cabeca:	145.7480329298939
flexao cabeca:	144.914813010151
flexao cabeca:	144.0852248243293
flexao cabeca:	143.22946791608442
flexao cabeca:	142.40851266906208
flexao cabeca:	141.63310228278522
flexao cabeca:	140.78898337207204
flexao cabeca:	140.04883462153626
flexao cabeca:	139.42815589463373
flexao cabeca:	138.89663138343528
flexao cabeca:	138.48117464158582
flexao cabeca:	138.1859128837901
flexao cabeca:	137.94077451132128
flexao cabeca:	137.7932141015258
flexao cabeca:	137.66983508000325
flexao cabeca:	137.58509294146188
flexao cabeca:	137.48366438648176
flexao cabeca:	137.40194016495175
flexao cabeca:	137.34959507337004
flexao cabeca:	137.2858171299556
flexao cabeca:	137.2583362409377
flexao cabeca:	137.24989736435518
flexao cabeca:	137.24371314601188
flexao cabeca:	137.23158693329026
flexao cabeca:	137.2134133261212
flexao cabeca:	137.21229885135065
flexao cabeca:	137.27198546946798
flexao cabeca:	137.35638692203838
flexao cabeca:	137.45769274912325
flexao cabeca:	137.6160115501637
flexao cabeca:	137.8370017918694
flexao cabeca:	138.07212783364716
flexao cabeca:	138.3269121945701
flexao cabeca:	138.59481630218144
flexao cabeca:	138.89937847001065
flexao cabeca:	139.19633777560716
flexao cabeca:	139.5565892119434
flexao cabeca:	139.8556260305547
flexao cabeca:	140.25105338467455
flexao cabeca:	140.64918843174246
flexao cabeca:	141.2080230409068
flexao cabeca:	141.728215356987
flexao cabeca:	142.42396948680002
flexao cabeca:	143.109499038239
flexao cabeca:	143.8438662098998
flexao cabeca:	144.64629676395091
flexao cabeca:	145.45950537473766
flexao cabeca:	146.29413343150858
flexao cabeca:	147.09820892720498
flexao cabeca:	147.84936450842238
flexao cabeca:	148.56663211253112
flexao cabeca:	149.22665973611853
flexao cabeca:	149.857120376698
flexao cabeca:	150.5292404588832
flexao cabeca:	151.17446435882133
flexao cabeca:	151.77998974408442
flexao cabeca:	152.40891792595673
flexao cabeca:	152.99759535122112
flexao cabeca:	153.51798123278022
flexao cabeca:	154.0368767924775
flexao cabeca:	154.56277514829202
flexao cabeca:	155.14486509332923
flexao cabeca:	155.7042811922054
flexao cabeca:	156.26187908521032
flexao cabeca:	156.812242195768
flexao cabeca:	157.32207438220615
flexao cabeca:	157.74461495595978
flexao cabeca:	158.0334116558791
flexao cabeca:	158.18107366813547
flexao cabeca:	158.25919314710114
flexao cabeca:	158.26222928368244
flexao cabeca:	158.2331610025054
flexao cabeca:	158.21747370424777
flexao cabeca:	158.17986234733291
flexao cabeca:	158.08920523648897
flexao cabeca:	157.94806022476695
flexao cabeca:	157.72497910039053
flexao cabeca:	157.42307901810173
flexao cabeca:	157.0286221394258
flexao cabeca:	156.53040724182236
flexao cabeca:	155.93018656694622
flexao cabeca:	155.28053440463492
flexao cabeca:	154.59058076597572
flexao cabeca:	153.79062854877773
flexao cabeca:	152.9617096415925
flexao cabeca:	152.07425837600988
flexao cabeca:	151.1505870669677
flexao cabeca:	150.14430743833182
flexao cabeca:	149.1004413298415
flexao cabeca:	148.10270822235012
flexao cabeca:	147.1277067977106
flexao cabeca:	146.1909925953676
flexao cabeca:	145.26093047844896
flexao cabeca:	144.38103150690253
flexao cabeca:	143.5591166574659
flexao cabeca:	142.8369255282128
flexao cabeca:	142.17977869968286
flexao cabeca:	141.58863189678638
flexao cabeca:	141.03959478932344
flexao cabeca:	140.43868753640237
flexao cabeca:	139.91628061661336
flexao cabeca:	139.40468342357806
flexao cabeca:	138.9688706367302
flexao cabeca:	138.5858465264266
flexao cabeca:	138.30757332325933
flexao cabeca:	138.10819107163817
flexao cabeca:	138.01059061353737
flexao cabeca:	138.0136186798254
flexao cabeca:	138.09843406858258
flexao cabeca:	138.1919564993981
flexao cabeca:	138.33223868913439
flexao cabeca:	138.5148968969497
flexao cabeca:	138.68091069032877
flexao cabeca:	138.8804510172575
flexao cabeca:	139.09519910877148
flexao cabeca:	139.3542576571803
flexao cabeca:	139.60659306333977
flexao cabeca:	139.89336836189372
flexao cabeca:	140.1946627391445
flexao cabeca:	140.5182493278432
flexao cabeca:	140.8547697722366
flexao cabeca:	141.3268296205162
flexao cabeca:	141.66250385665356
flexao cabeca:	142.2260056442239
flexao cabeca:	142.7695076801557
flexao cabeca:	143.3947233394671
flexao cabeca:	144.06359941111825
flexao cabeca:	144.76534408342852
flexao cabeca:	145.50067840876255
flexao cabeca:	146.23446784207226
flexao cabeca:	146.9448376286972
flexao cabeca:	147.6170039259354
flexao cabeca:	148.20018470397218
flexao cabeca:	148.7084862093744
flexao cabeca:	149.1774620342033
flexao cabeca:	149.6245784178861
flexao cabeca:	150.08088031304823
flexao cabeca:	150.52637948800464
flexao cabeca:	151.01366513106552
flexao cabeca:	151.51618713181628
flexao cabeca:	152.04654407143101
flexao cabeca:	152.6211921312075
flexao cabeca:	153.20929475696082
flexao cabeca:	153.8079851815256
flexao cabeca:	154.3518513052878
flexao cabeca:	154.88153070528963
flexao cabeca:	155.3187033926466
flexao cabeca:	155.62193382309178
flexao cabeca:	155.83580565807802
flexao cabeca:	155.94366890940077
flexao cabeca:	155.9749008832485
flexao cabeca:	155.96286265910607
flexao cabeca:	155.89418049519148
flexao cabeca:	155.77505187199318
flexao cabeca:	155.63544293711524
flexao cabeca:	155.47021992137368
flexao cabeca:	155.27853641055896
flexao cabeca:	155.0271012389795
flexao cabeca:	154.75150201837317
flexao cabeca:	154.40263792040577
flexao cabeca:	153.99868640269784
flexao cabeca:	153.60461763674593
flexao cabeca:	153.1577061857439
flexao cabeca:	152.70825003320263
flexao cabeca:	152.2456424963286
flexao cabeca:	151.74126841491557
flexao cabeca:	151.18763757662944
flexao cabeca:	150.59908944509408
flexao cabeca:	149.95161657611973
flexao cabeca:	149.222857514922
flexao cabeca:	148.47539702423342
flexao cabeca:	147.7533038568039
flexao cabeca:	147.06183617651936
flexao cabeca:	146.3818584276542
flexao cabeca:	145.74816354621856
flexao cabeca:	145.113855881038
flexao cabeca:	144.4882425751497
flexao cabeca:	143.85660359303594
flexao cabeca:	143.26314163890987
flexao cabeca:	142.66614657081232
flexao cabeca:	142.08116386132667
flexao cabeca:	141.4236756264078
flexao cabeca:	140.95652946268964
flexao cabeca:	140.4712160456447
flexao cabeca:	139.9483209556816
flexao cabeca:	139.52086209249558
flexao cabeca:	139.22731367665781
flexao cabeca:	138.88353914874156
flexao cabeca:	138.5963830297987
flexao cabeca:	138.32982419338148
flexao cabeca:	138.07815488136342
flexao cabeca:	137.85562015979002
flexao cabeca:	137.70239330919136
flexao cabeca:	137.60635247738256
flexao cabeca:	137.5496988929911
flexao cabeca:	137.57581643632832
flexao cabeca:	137.64521491204064
flexao cabeca:	137.74465483105698
flexao cabeca:	137.9205253583666
flexao cabeca:	138.17414507371586
flexao cabeca:	138.4710434431328
flexao cabeca:	138.8941563612035
flexao cabeca:	139.33915484200296
flexao cabeca:	139.90222860498508
flexao cabeca:	140.564280628515
flexao cabeca:	141.32435113342342
flexao cabeca:	142.06671458631385
flexao cabeca:	142.8638773996046
flexao cabeca:	143.68166429785444
flexao cabeca:	144.5183282796595
flexao cabeca:	145.35237344216281
flexao cabeca:	146.1827984326308
flexao cabeca:	147.02675783764923
flexao cabeca:	147.83607058159885
flexao cabeca:	148.625832794505
flexao cabeca:	149.4450125315374
flexao cabeca:	150.24025720221752
flexao cabeca:	150.9835279076051
flexao cabeca:	151.62904992762847
flexao cabeca:	152.2708491724507
flexao cabeca:	152.88196983167543
flexao cabeca:	153.4388694785489
flexao cabeca:	153.95686146739632
flexao cabeca:	154.46816797807506
flexao cabeca:	154.88992797869238
flexao cabeca:	155.3178116501131
flexao cabeca:	155.7018613054139
flexao cabeca:	156.0596456519548
flexao cabeca:	156.41024390251684
flexao cabeca:	156.75486301524055
flexao cabeca:	157.0688935843364
flexao cabeca:	157.32738074350337
flexao cabeca:	157.55352461637136
flexao cabeca:	157.70594436716664
flexao cabeca:	157.80136081082168
flexao cabeca:	157.82710353746396
flexao cabeca:	157.8372407265044
flexao cabeca:	157.8342914721705
flexao cabeca:	157.7504670029683
flexao cabeca:	157.61101527327935
flexao cabeca:	157.4056824199158
flexao cabeca:	157.15045629943202
flexao cabeca:	156.7905595735291
flexao cabeca:	156.33568454069513
flexao cabeca:	155.83056599142424
flexao cabeca:	155.23227270657134
flexao cabeca:	154.55858671935323
flexao cabeca:	153.8045789493977
flexao cabeca:	152.9961189506269
flexao cabeca:	152.1074104037339
flexao cabeca:	151.1671473184196
flexao cabeca:	150.23784420763303
flexao cabeca:	149.28077180237761
flexao cabeca:	148.31148365500033
flexao cabeca:	147.35925463258206
flexao cabeca:	146.48608834434103
flexao cabeca:	145.66119721137463
flexao cabeca:	144.90791537342244
flexao cabeca:	144.24595714170783
flexao cabeca:	143.67723483686763
flexao cabeca:	143.21969344758526
flexao cabeca:	142.76288304110156
flexao cabeca:	142.32988871012734
flexao cabeca:	142.10797490991752
flexao cabeca:	141.908339015865
flexao cabeca:	141.73359218592202
flexao cabeca:	141.59404399446962
flexao cabeca:	141.48723307561826
flexao cabeca:	141.36405855992925
flexao cabeca:	141.28380850136827
flexao cabeca:	141.21891905129857
flexao cabeca:	141.1474007483995
flexao cabeca:	141.12809625837718
flexao cabeca:	141.14810376619783
flexao cabeca:	141.21982753359836
flexao cabeca:	141.33685009969898
flexao cabeca:	141.51043537106244
flexao cabeca:	141.71973536360676
flexao cabeca:	142.02095504587336
flexao cabeca:	142.40467630619858
flexao cabeca:	142.88365085913603
flexao cabeca:	143.50059943702968
flexao cabeca:	144.1714563556821
flexao cabeca:	144.90286890198396
flexao cabeca:	145.684628254952
flexao cabeca:	146.5007680938382
flexao cabeca:	147.36076974527396
flexao cabeca:	148.22640173549289
flexao cabeca:	149.0583239504347
flexao cabeca:	149.76127363484687
flexao cabeca:	150.37415103711282
flexao cabeca:	150.8976076078158
flexao cabeca:	151.40579818080144
flexao cabeca:	151.90711541184226
flexao cabeca:	152.42481275991236
flexao cabeca:	152.947863810561
flexao cabeca:	153.5174247851008
flexao cabeca:	154.0399748744998
flexao cabeca:	154.56479319895186
flexao cabeca:	155.12750628325404
flexao cabeca:	155.68625152134558
flexao cabeca:	156.22187960387504
flexao cabeca:	156.76934259760972
flexao cabeca:	157.2897066087742
flexao cabeca:	157.7373887598435
flexao cabeca:	158.1182310784409
flexao cabeca:	158.38727788327154
flexao cabeca:	158.5898837380187
flexao cabeca:	158.73355717957946
flexao cabeca:	158.80100305854452
flexao cabeca:	158.81354269551127
flexao cabeca:	158.7428150435155
flexao cabeca:	158.6007631640502
flexao cabeca:	158.36645932462633
flexao cabeca:	158.03258234938465
flexao cabeca:	157.617685700867
flexao cabeca:	157.112067496055
flexao cabeca:	156.54938012633383
flexao cabeca:	155.89716452146214
flexao cabeca:	155.1748798261851
flexao cabeca:	154.42779387513534
flexao cabeca:	153.60299427709714
flexao cabeca:	152.73567204672068
flexao cabeca:	151.7985589078887
flexao cabeca:	150.8429831936428
flexao cabeca:	149.91391600677986
flexao cabeca:	148.9325722873113
flexao cabeca:	147.95415779317923
flexao cabeca:	146.98777156587587
flexao cabeca:	146.04697340200846
flexao cabeca:	145.1129373212918
flexao cabeca:	144.24447908416388
flexao cabeca:	143.4655888864637
flexao cabeca:	142.7962965130597
flexao cabeca:	142.1995649977251
flexao cabeca:	141.5974108735662
flexao cabeca:	141.1333219939054
flexao cabeca:	140.74775449454057
flexao cabeca:	140.4227102454603
flexao cabeca:	140.14205573165674
flexao cabeca:	139.99097373444027
flexao cabeca:	139.88110778722404
flexao cabeca:	139.85863749343363
flexao cabeca:	139.89098486906943
flexao cabeca:	139.95573305609074
flexao cabeca:	140.06570471085905
flexao cabeca:	140.19344864108677
flexao cabeca:	140.35722801145755
flexao cabeca:	140.54207030946844
flexao cabeca:	140.7826870062288
flexao cabeca:	141.11299919403655
flexao cabeca:	141.50990433174073
flexao cabeca:	141.97457239782162
flexao cabeca:	142.62779418735042
flexao cabeca:	143.27807900275204
flexao cabeca:	143.9876183242386
flexao cabeca:	144.67824098460608
flexao cabeca:	145.40512467401422
flexao cabeca:	146.13197767821148
flexao cabeca:	146.87165953715223
flexao cabeca:	147.62519154729193
flexao cabeca:	148.43025438807987
flexao cabeca:	149.28776033412808
flexao cabeca:	150.1129154835717
flexao cabeca:	150.92323505442843
flexao cabeca:	151.72911862015917
flexao cabeca:	152.50122523164384
flexao cabeca:	153.20642640756432
flexao cabeca:	153.85409475222787
flexao cabeca:	154.44946435230005
flexao cabeca:	155.0460642670969
flexao cabeca:	155.66266112388374
flexao cabeca:	156.27656978233045
flexao cabeca:	156.9040114028716
flexao cabeca:	157.4829319766004
flexao cabeca:	158.01790772009505
flexao cabeca:	158.48580772856096
flexao cabeca:	158.9636683985947
flexao cabeca:	159.34356388370716
flexao cabeca:	159.64682898520758
flexao cabeca:	159.89217685139855
flexao cabeca:	160.0720284962929
flexao cabeca:	160.1782326390207
flexao cabeca:	160.19102975004233
flexao cabeca:	160.13921681644723
flexao cabeca:	159.98482437573279
flexao cabeca:	159.7383974594531
flexao cabeca:	159.4255577182677
flexao cabeca:	159.04173689378726
flexao cabeca:	158.5624182176194
flexao cabeca:	158.02093309943746
flexao cabeca:	157.40966741767284
flexao cabeca:	156.7038035703738
flexao cabeca:	155.94898316358578
flexao cabeca:	155.1248544207718
flexao cabeca:	154.27783215542155
flexao cabeca:	153.458625304802
flexao cabeca:	152.5791107438845
flexao cabeca:	151.70123874271212
flexao cabeca:	150.83192341364358
flexao cabeca:	149.97766969293363
flexao cabeca:	149.10274507352662
flexao cabeca:	148.23762119653802
flexao cabeca:	147.4066925554664
flexao cabeca:	146.61461958206098
flexao cabeca:	145.87742344276543
flexao cabeca:	145.17304828107058
flexao cabeca:	144.4900412851377
flexao cabeca:	143.84395164046617
flexao cabeca:	143.22893328311667
flexao cabeca:	142.60174412681542
flexao cabeca:	141.98535820091357
flexao cabeca:	141.39416337688422
flexao cabeca:	140.76015939572733
flexao cabeca:	140.2376299429678
flexao cabeca:	139.60876438999935
flexao cabeca:	139.04887425892832
flexao cabeca:	138.49940719544927
flexao cabeca:	137.91436958985474
flexao cabeca:	137.32930909529645
flexao cabeca:	136.74814484274546
flexao cabeca:	136.20931166738174
flexao cabeca:	135.71348229280622
flexao cabeca:	135.25892620420316
flexao cabeca:	134.84232261704244
flexao cabeca:	134.46086272504684
flexao cabeca:	134.17132071954765
flexao cabeca:	133.99056772254752
flexao cabeca:	133.91299391617997
flexao cabeca:	133.94899421881684
flexao cabeca:	134.03145126882998
flexao cabeca:	134.1380579482126
flexao cabeca:	134.28676133686866
flexao cabeca:	134.49018453008227
flexao cabeca:	134.73088529843093
flexao cabeca:	135.08855717353782
flexao cabeca:	135.51025949604252
flexao cabeca:	136.0472225279213
flexao cabeca:	136.66594272453386
flexao cabeca:	137.38813819360232
flexao cabeca:	138.1648884929541
flexao cabeca:	139.01704760302573
flexao cabeca:	139.93956901627817
flexao cabeca:	140.9572120595727
flexao cabeca:	141.9617161476851
flexao cabeca:	143.00318438633573
flexao cabeca:	144.06777552887166
flexao cabeca:	145.07354395874418
flexao cabeca:	145.993145416418
flexao cabeca:	146.86797909019162
flexao cabeca:	147.69163941365395
flexao cabeca:	148.45795749725568
flexao cabeca:	149.14809934574683
flexao cabeca:	149.8145800470188
flexao cabeca:	150.46943336706065
flexao cabeca:	151.05620678811943
flexao cabeca:	151.61894646617873
flexao cabeca:	152.0684901891797
flexao cabeca:	152.38908311318622
flexao cabeca:	152.55217299246942
flexao cabeca:	152.60942771586758
flexao cabeca:	152.5549528357013
flexao cabeca:	152.46101945672194
flexao cabeca:	152.31658831937523
flexao cabeca:	152.09360940767408
flexao cabeca:	151.88761270229392
flexao cabeca:	151.71943573306476
flexao cabeca:	151.51254095763747
flexao cabeca:	151.31052962240432
flexao cabeca:	151.0872338887152
flexao cabeca:	150.87939051958168
flexao cabeca:	150.67381724704723
flexao cabeca:	150.4272779306012
flexao cabeca:	150.19465519984675
flexao cabeca:	149.96536409417726
flexao cabeca:	149.75848785705713
flexao cabeca:	149.57278342392428
flexao cabeca:	149.4059849741732
flexao cabeca:	149.28403958288825
flexao cabeca:	149.20305584827295
flexao cabeca:	149.16065674443797
flexao cabeca:	149.14040954662974
flexao cabeca:	149.10853189090872
flexao cabeca:	149.04668253824948
flexao cabeca:	149.0005165581554
flexao cabeca:	148.94419525382932
flexao cabeca:	148.92281328815028
flexao cabeca:	148.89792304617163
flexao cabeca:	148.87087309162513
flexao cabeca:	148.86342600469115
flexao cabeca:	148.864686656165
flexao cabeca:	148.83989583298305
flexao cabeca:	148.85750872366003
flexao cabeca:	148.87912897232457
flexao cabeca:	148.88627229212054
flexao cabeca:	148.8573189217639
flexao cabeca:	148.81801867060997
flexao cabeca:	148.7878584914683
flexao cabeca:	148.77606527788035
flexao cabeca:	146.37104248402085
flexao cabeca:	146.72127467604534
flexao cabeca:	147.12007169752323
flexao cabeca:	147.70817074505769
flexao cabeca:	148.41556261486625
flexao cabeca:	149.02945064084753
flexao cabeca:	149.09042321740665
flexao cabeca:	150.0841478682841
flexao cabeca:	150.40015121350527
flexao cabeca:	150.6236433380885
flexao cabeca:	150.31952594751155
flexao cabeca:	151.13439893172364
flexao cabeca:	151.48684307820457
flexao cabeca:	151.2757371090942
flexao cabeca:	152.04306027241302
flexao cabeca:	152.18999470397463
flexao cabeca:	151.60803689948784
flexao cabeca:	151.4417973707519
flexao cabeca:	151.36824472164065
flexao cabeca:	151.3813726793257
flexao cabeca:	151.37150056231857
flexao cabeca:	151.81392215412458
flexao cabeca:	151.79405717639864
flexao cabeca:	151.29019801208912
flexao cabeca:	151.32654730084013
flexao cabeca:	151.35586587134017
flexao cabeca:	151.38699980988525
flexao cabeca:	151.98274787451717
flexao cabeca:	152.0875249495581
flexao cabeca:	152.21574333861315
flexao cabeca:	152.3190011218584
flexao cabeca:	152.38714147705087
flexao cabeca:	151.943099765699
flexao cabeca:	152.0305088640901
flexao cabeca:	152.08804181115192
flexao cabeca:	152.1860070223013
flexao cabeca:	152.36348429222556
flexao cabeca:	152.71367332329257
flexao cabeca:	153.13269448823405
flexao cabeca:	153.61250787785286
flexao cabeca:	154.09414776386384
flexao cabeca:	154.58206687844793
flexao cabeca:	154.58630049846857
flexao cabeca:	155.01050167666713
flexao cabeca:	155.39644488168986
flexao cabeca:	155.8151992149844
flexao cabeca:	156.2126940514842
flexao cabeca:	156.57547064882831
flexao cabeca:	156.9500714396461
flexao cabeca:	157.30678811740526
flexao cabeca:	157.71064385132254
flexao cabeca:	158.0580403663433
flexao cabeca:	158.4653637966165
flexao cabeca:	158.81414709315587
flexao cabeca:	159.13984346210574
flexao cabeca:	159.42434520370028
flexao cabeca:	159.73283059250736
flexao cabeca:	160.10327734640447
flexao cabeca:	160.50461642914186
flexao cabeca:	160.9884363342467
flexao cabeca:	161.4403756387764
flexao cabeca:	161.96557781754103
flexao cabeca:	162.44827923966665
flexao cabeca:	162.85473497537347
flexao cabeca:	163.22122731908368
flexao cabeca:	163.53746010163036
flexao cabeca:	163.81357875478335
flexao cabeca:	164.05627546511843
flexao cabeca:	164.2213289236407
flexao cabeca:	164.30670380644275
flexao cabeca:	164.3480869467372
flexao cabeca:	164.3388839428837
flexao cabeca:	164.25673064109625
flexao cabeca:	164.11041773884725
flexao cabeca:	163.84596425002744
flexao cabeca:	163.48582022863462
flexao cabeca:	163.030323822823
flexao cabeca:	162.4467280124347
flexao cabeca:	161.82924688703042
flexao cabeca:	161.12955758442197
flexao cabeca:	160.3620769158288
flexao cabeca:	159.62464883377638
flexao cabeca:	158.89453456141115
flexao cabeca:	158.09115796186268
flexao cabeca:	157.20074917391364
flexao cabeca:	156.28068670894007
flexao cabeca:	155.36039011408826
flexao cabeca:	154.40792335790158
flexao cabeca:	153.45022929915874
flexao cabeca:	152.53142064839383
flexao cabeca:	151.67190620383388
flexao cabeca:	150.8210493940529
flexao cabeca:	150.0458951380893
flexao cabeca:	149.34810340597974
flexao cabeca:	148.49222918951355
flexao cabeca:	148.03925654808353
flexao cabeca:	147.29992949693178
flexao cabeca:	146.73819009361375
flexao cabeca:	146.14961003341523
flexao cabeca:	145.58074737834716
flexao cabeca:	145.0524419094653
flexao cabeca:	144.54024967457
flexao cabeca:	144.00327025603005
flexao cabeca:	143.45685213151634
flexao cabeca:	142.93507064842035
flexao cabeca:	142.39262908059487
flexao cabeca:	141.82187953328668
flexao cabeca:	141.2803949495367
flexao cabeca:	140.7285769209306
flexao cabeca:	140.25447307254694
flexao cabeca:	139.81616476516044
flexao cabeca:	139.3925004286694
flexao cabeca:	138.98500998504812
flexao cabeca:	138.6432521255138
flexao cabeca:	138.3208154211965
flexao cabeca:	138.06996693348717
flexao cabeca:	137.82420512159368
flexao cabeca:	137.62297994556278
flexao cabeca:	137.3830941648723
flexao cabeca:	137.16722479337122
flexao cabeca:	136.9874866490681
flexao cabeca:	136.7573027018512
flexao cabeca:	136.61606040146148
flexao cabeca:	136.47363717655435
flexao cabeca:	136.35898723705677
flexao cabeca:	136.23070893209763
flexao cabeca:	136.10964614487133
flexao cabeca:	136.0020026642793
flexao cabeca:	136.65686401680352
flexao cabeca:	136.59053557049074
flexao cabeca:	136.56150367232502
flexao cabeca:	136.5624344721633
flexao cabeca:	136.58973880081683
flexao cabeca:	136.60683154898013
flexao cabeca:	136.68596749238228
flexao cabeca:	136.76699695279933
flexao cabeca:	136.9029310149851
flexao cabeca:	137.03797283506415
flexao cabeca:	137.22746339352096
flexao cabeca:	137.37025659993128
flexao cabeca:	137.49422981546152
flexao cabeca:	137.64762856473604
flexao cabeca:	137.80519667598014
flexao cabeca:	137.95138641961344
flexao cabeca:	138.15245360842985
flexao cabeca:	138.34370012236985
flexao cabeca:	138.59323440570785
flexao cabeca:	138.91918101147297
flexao cabeca:	139.2443799608562
flexao cabeca:	139.55573625528706
flexao cabeca:	139.94544696524684
flexao cabeca:	140.308935502035
flexao cabeca:	140.69302999237436
flexao cabeca:	141.17086711142522
flexao cabeca:	141.62118817008866
flexao cabeca:	142.0288633524815
flexao cabeca:	142.42574889242218
flexao cabeca:	142.72515060818273
flexao cabeca:	142.9671258307167
flexao cabeca:	143.23513589108686
flexao cabeca:	143.54973805155518
flexao cabeca:	143.87854856323978
flexao cabeca:	144.04675490400768
flexao cabeca:	144.11799514749765
flexao cabeca:	144.133620810752
flexao cabeca:	144.1657191093351
flexao cabeca:	144.27090952790942
flexao cabeca:	144.34153969203558
flexao cabeca:	144.40152643954931
flexao cabeca:	144.4299350418347
flexao cabeca:	144.5396803878596
flexao cabeca:	144.6428018213439
flexao cabeca:	144.7468621844589
flexao cabeca:	144.7886917351623
flexao cabeca:	144.73789260901717
flexao cabeca:	144.65513616601092
flexao cabeca:	144.61823089392112
flexao cabeca:	144.7093876733076
flexao cabeca:	144.89147801988497
flexao cabeca:	145.23016708466733
flexao cabeca:	145.6116114941352
flexao cabeca:	146.0187708772043
flexao cabeca:	146.45453088571574
flexao cabeca:	146.92178144757565
flexao cabeca:	147.40340245194113
flexao cabeca:	147.91578325402094
flexao cabeca:	148.48104416242074
flexao cabeca:	148.33778264210002
flexao cabeca:	149.12060616513983
flexao cabeca:	149.991092410742
flexao cabeca:	150.88478419962507
flexao cabeca:	151.7059522249829
flexao cabeca:	152.53546418642136
flexao cabeca:	153.28477994859796
flexao cabeca:	153.9893279661833
flexao cabeca:	154.67046804306972
flexao cabeca:	155.26434191665635
flexao cabeca:	155.86979674382488
flexao cabeca:	156.4696008911308
flexao cabeca:	156.9835954844658
flexao cabeca:	157.51431635392066
flexao cabeca:	158.07752808383
flexao cabeca:	158.6388951692516
flexao cabeca:	159.2188544292084
flexao cabeca:	159.78519796053578
flexao cabeca:	160.27558214380883
flexao cabeca:	160.62967448265695
flexao cabeca:	160.96154649062566
flexao cabeca:	161.24169782752907
flexao cabeca:	161.50136200701314
flexao cabeca:	161.77678198040886
flexao cabeca:	161.98456026880345
flexao cabeca:	162.12395483334646
flexao cabeca:	162.20639714298906
flexao cabeca:	162.2040414579373
flexao cabeca:	162.195764596842
flexao cabeca:	162.15161426359438
flexao cabeca:	162.07619129034538
flexao cabeca:	161.93629126817092
flexao cabeca:	161.76009769148607
flexao cabeca:	161.53390591887432
flexao cabeca:	161.28647580364006
flexao cabeca:	161.03648992628428
flexao cabeca:	160.7571197355236
flexao cabeca:	160.4349971945031
flexao cabeca:	160.13843489376936
flexao cabeca:	159.80917799621207
flexao cabeca:	159.479268149707
flexao cabeca:	159.16882255159206
flexao cabeca:	158.82383812239226
flexao cabeca:	158.44558662095793
flexao cabeca:	157.97858795803927
flexao cabeca:	157.4690174114025
flexao cabeca:	156.9214266911496
flexao cabeca:	156.34494431256076
flexao cabeca:	155.77734784582944
flexao cabeca:	155.16871407972573
flexao cabeca:	154.53877810604445
flexao cabeca:	153.90202003854407
flexao cabeca:	153.26292880410173
flexao cabeca:	152.64663954730122
flexao cabeca:	152.0180594880832
flexao cabeca:	151.36189418723254
flexao cabeca:	150.70067350040577
flexao cabeca:	150.05022379384997
flexao cabeca:	149.42789265033133
flexao cabeca:	148.79682481518375
flexao cabeca:	148.1698201297402
flexao cabeca:	147.51703896356133
flexao cabeca:	146.65556805511045
flexao cabeca:	145.97001247174617
flexao cabeca:	145.24896631183134
flexao cabeca:	144.52332318761603
flexao cabeca:	143.75650020014888
flexao cabeca:	143.04077092254443
flexao cabeca:	142.36168370091445
flexao cabeca:	141.84799050615777
flexao cabeca:	142.18248731367214
flexao cabeca:	141.69608607780387
flexao cabeca:	141.24784144771945
flexao cabeca:	140.82554475333558
flexao cabeca:	140.39237466093843
flexao cabeca:	140.00671036686123
flexao cabeca:	139.55858970516584
flexao cabeca:	139.12057609883922
flexao cabeca:	138.80576470383187
flexao cabeca:	138.4999350245647
flexao cabeca:	138.3176362899092
flexao cabeca:	138.15057366830465
flexao cabeca:	137.97165704350394
flexao cabeca:	137.7929226863564
flexao cabeca:	137.6465453718835
flexao cabeca:	137.49122291725234
flexao cabeca:	137.33003335262663
flexao cabeca:	137.19116527936774
flexao cabeca:	137.06132147888138
flexao cabeca:	137.0094003483221
flexao cabeca:	137.04354627241466
flexao cabeca:	137.16944914143738
flexao cabeca:	137.41476397359702
flexao cabeca:	137.71995851884574
flexao cabeca:	138.08235687943926
flexao cabeca:	138.47909442308088
flexao cabeca:	138.92419942428833
flexao cabeca:	139.38193480547753
flexao cabeca:	139.85523224699142
flexao cabeca:	140.28782316906026
flexao cabeca:	140.77969035222142
flexao cabeca:	141.29233721243688
flexao cabeca:	141.79262735375866
flexao cabeca:	142.25697517737035
flexao cabeca:	142.70089580002178
flexao cabeca:	143.15505871164342
flexao cabeca:	143.5979643925823
flexao cabeca:	144.0477749917957
flexao cabeca:	144.49584084365517
flexao cabeca:	144.9858387173911
flexao cabeca:	145.47908966236312
flexao cabeca:	145.917320946318
flexao cabeca:	146.36183188031515
flexao cabeca:	146.77546782330228
flexao cabeca:	147.22643108348154
flexao cabeca:	147.1710432284505
flexao cabeca:	148.04419212798072
flexao cabeca:	147.95587690105683
flexao cabeca:	148.78841782311284
flexao cabeca:	148.62663980611103
flexao cabeca:	148.64352241335914
flexao cabeca:	148.99903342006897
flexao cabeca:	149.38928592167707
flexao cabeca:	149.80687836680937
flexao cabeca:	150.1728877376419
flexao cabeca:	150.54319684947592
flexao cabeca:	150.89717724398042
flexao cabeca:	151.157841727899
flexao cabeca:	151.3534207732575
flexao cabeca:	151.5140800835267
flexao cabeca:	151.61570103017553
flexao cabeca:	151.69353477739267
flexao cabeca:	151.72211635953977
flexao cabeca:	151.7462530774076
flexao cabeca:	151.8170168618868
flexao cabeca:	151.9729241188468
flexao cabeca:	152.1340283523016
flexao cabeca:	152.29049571639607
flexao cabeca:	152.47177505548856
flexao cabeca:	152.64696992022573
flexao cabeca:	152.78422355801368
flexao cabeca:	152.88032841985662
flexao cabeca:	152.95775189576275
flexao cabeca:	153.03406418524003
flexao cabeca:	153.09890236511814
flexao cabeca:	153.15848401553134
flexao cabeca:	153.22662394990135
flexao cabeca:	153.29048320080625
flexao cabeca:	153.3118740499619
flexao cabeca:	153.31528456255776
flexao cabeca:	153.31803139873483
flexao cabeca:	153.34015534626445
flexao cabeca:	153.34050929756822
flexao cabeca:	153.33248236502092
flexao cabeca:	153.33677185990996
flexao cabeca:	153.3227708405675
flexao cabeca:	153.30002672530676
flexao cabeca:	153.26263981885398
flexao cabeca:	153.21339631027402
flexao cabeca:	153.14973695752502
flexao cabeca:	153.04876604916362
flexao cabeca:	152.8678041680307
flexao cabeca:	152.60960928461753
flexao cabeca:	152.26980604360836
flexao cabeca:	151.82924194717756
flexao cabeca:	151.25256915581375
flexao cabeca:	150.50948658647448
flexao cabeca:	149.6470068631582
flexao cabeca:	148.77810499723793
flexao cabeca:	147.69756525201936
flexao cabeca:	146.88049324714524
flexao cabeca:	146.19418603662746
flexao cabeca:	145.61219647321343
flexao cabeca:	145.1724625097861
flexao cabeca:	145.66104057232684
flexao cabeca:	145.21871512769712
flexao cabeca:	144.81282805971955
flexao cabeca:	144.36662191067293
flexao cabeca:	143.8267970343928
flexao cabeca:	143.28009470901938
flexao cabeca:	141.77749252074304
flexao cabeca:	141.14299288880622
flexao cabeca:	141.52338748742704
flexao cabeca:	140.95265158170253
flexao cabeca:	140.4349897794988
flexao cabeca:	139.98985426570806
flexao cabeca:	139.57212559105213
flexao cabeca:	139.1747222522896
flexao cabeca:	138.82193774819112
flexao cabeca:	138.48657893200428
flexao cabeca:	138.13596688043936
flexao cabeca:	137.7797756517708
flexao cabeca:	137.43109322007822
flexao cabeca:	137.04033117588506
flexao cabeca:	136.7392481101736
flexao cabeca:	136.46705648218176
flexao cabeca:	136.3369149708915
flexao cabeca:	136.2626687630896
flexao cabeca:	136.19779978397796
flexao cabeca:	136.16611214945655
flexao cabeca:	136.1391381916693
flexao cabeca:	136.11874742060692
flexao cabeca:	136.12114250704317
flexao cabeca:	136.15951719292414
flexao cabeca:	136.26671117862827
flexao cabeca:	136.38847814989606
flexao cabeca:	136.57244870920152
flexao cabeca:	136.84865879009325
flexao cabeca:	137.14878879521746
flexao cabeca:	137.55383674569987
flexao cabeca:	137.99451893040776
flexao cabeca:	138.49027608128392
flexao cabeca:	139.04491116533876
flexao cabeca:	139.60154995487068
flexao cabeca:	140.17864335307434
flexao cabeca:	140.8892474256564
flexao cabeca:	141.60139957471185
flexao cabeca:	142.3461527191486
flexao cabeca:	142.04824622958242
flexao cabeca:	142.68335841826232
flexao cabeca:	143.2866480309944
flexao cabeca:	143.8398881174288
flexao cabeca:	144.40250846163377
flexao cabeca:	144.9773397836341
flexao cabeca:	145.53148702837098
flexao cabeca:	146.06781818623278
flexao cabeca:	146.64142460325996
flexao cabeca:	147.4080561881331
flexao cabeca:	147.96402074681092
flexao cabeca:	148.50850909142747
flexao cabeca:	149.06384805168767
flexao cabeca:	149.61754816937125
flexao cabeca:	150.1412336543746
flexao cabeca:	150.6477837044697
flexao cabeca:	151.1571745538196
flexao cabeca:	151.65541777630335
flexao cabeca:	152.17191895434684
flexao cabeca:	152.68768396991877
flexao cabeca:	153.22457346632572
flexao cabeca:	153.79190611316844
flexao cabeca:	154.35027128828253
flexao cabeca:	154.85982082636735
flexao cabeca:	155.32011981448454
flexao cabeca:	155.79524022012927
flexao cabeca:	156.23701602653244
flexao cabeca:	156.67532226629345
flexao cabeca:	157.11591120484104
flexao cabeca:	157.55210629082873
flexao cabeca:	157.9945594581759
flexao cabeca:	158.46002063589665
flexao cabeca:	158.90413036543126
flexao cabeca:	159.31862769127616
flexao cabeca:	159.7092421939911
flexao cabeca:	160.02032534493048
flexao cabeca:	160.28244135154907
flexao cabeca:	160.5086816320505
flexao cabeca:	160.6746684011078
flexao cabeca:	160.79740016729087
flexao cabeca:	160.90356072157167
flexao cabeca:	161.03272805028365
flexao cabeca:	161.15473015060311
flexao cabeca:	161.2888985079571
flexao cabeca:	161.4000158926015
flexao cabeca:	161.4207932695317
flexao cabeca:	161.3153227241396
flexao cabeca:	161.05655187636134
flexao cabeca:	160.61431344723124
flexao cabeca:	159.93913050354632
flexao cabeca:	159.10768998292565
flexao cabeca:	158.21220532847127
flexao cabeca:	157.32029555672668
flexao cabeca:	156.48071147755087
flexao cabeca:	155.73421528694325
flexao cabeca:	155.0845134700474
flexao cabeca:	154.53295333674984
flexao cabeca:	154.0353709950481
flexao cabeca:	153.59355419296577
flexao cabeca:	153.15867181905196
flexao cabeca:	152.70366919570952
flexao cabeca:	152.1667947887443
flexao cabeca:	151.5765443796095
flexao cabeca:	150.8835975756788
flexao cabeca:	150.06447909632797
flexao cabeca:	149.20180808972543
flexao cabeca:	148.33238728217412
flexao cabeca:	147.48053251212949
flexao cabeca:	146.7381598761484
flexao cabeca:	146.031899349536
flexao cabeca:	145.19750778155213
flexao cabeca:	144.53885000765834
flexao cabeca:	143.89291142725955
flexao cabeca:	143.22331946026276
flexao cabeca:	142.55783267720713
flexao cabeca:	141.9728530275355
flexao cabeca:	141.39404774133115
flexao cabeca:	140.79475941466666
flexao cabeca:	140.2271732436874
flexao cabeca:	139.63621669094968
flexao cabeca:	139.07801212270405
flexao cabeca:	138.45097686166835
flexao cabeca:	138.68670675451042
flexao cabeca:	137.98714040226125
flexao cabeca:	137.26997761382492
flexao cabeca:	136.6174200844123
flexao cabeca:	136.1033529592213
flexao cabeca:	135.71704162804645
flexao cabeca:	135.42179702853178
flexao cabeca:	135.12137296398905
flexao cabeca:	134.8075170759927
flexao cabeca:	134.46233042935
flexao cabeca:	134.11441970633197
flexao cabeca:	133.77602211740904
flexao cabeca:	133.43534642627372
flexao cabeca:	133.16188004364176
flexao cabeca:	132.87095857754193
flexao cabeca:	132.56390769057063
flexao cabeca:	132.3014958852595
flexao cabeca:	132.08771514046066
flexao cabeca:	131.91522761319763
flexao cabeca:	131.8533174587486
flexao cabeca:	131.88467021645408
flexao cabeca:	131.97514620800496
flexao cabeca:	132.06746573638745
flexao cabeca:	132.20289457682776
flexao cabeca:	132.37385098218817
flexao cabeca:	132.56817159939544
flexao cabeca:	132.7465035449304
flexao cabeca:	132.97350291866906
flexao cabeca:	133.22313011235943
flexao cabeca:	133.54066009845846
flexao cabeca:	133.86509530757172
flexao cabeca:	134.206095125021
flexao cabeca:	134.62167719087176
flexao cabeca:	135.10852940810375
flexao cabeca:	135.57069614368402
flexao cabeca:	136.061256831522
flexao cabeca:	136.5656587902776
flexao cabeca:	137.1197197955468
flexao cabeca:	136.80461474947583
flexao cabeca:	137.3204115962356
flexao cabeca:	137.94420356036827
flexao cabeca:	138.60674876970177
flexao cabeca:	139.28216307778436
flexao cabeca:	140.01921554898217
flexao cabeca:	140.78045508683647
flexao cabeca:	141.57297244898777
flexao cabeca:	142.3457143777502
flexao cabeca:	143.10821319475528
flexao cabeca:	143.94945984806014
flexao cabeca:	144.73188678409124
flexao cabeca:	145.66476062937406
flexao cabeca:	146.41140091125578
flexao cabeca:	147.1712443613006
flexao cabeca:	147.9247579547359
flexao cabeca:	148.7283935242516
flexao cabeca:	149.53058967709583
flexao cabeca:	150.32092459056778
flexao cabeca:	151.0741381190653
flexao cabeca:	151.81409340457606
flexao cabeca:	152.52018773818017
flexao cabeca:	153.1853457558489
flexao cabeca:	153.84007641298112
flexao cabeca:	154.44566443674316
flexao cabeca:	155.0300016740839
flexao cabeca:	155.55299064602968
flexao cabeca:	156.05414435340887
flexao cabeca:	156.52154574981225
flexao cabeca:	156.98847576452104
flexao cabeca:	157.427022589553
flexao cabeca:	157.89645036739338
flexao cabeca:	158.32775746850226
flexao cabeca:	158.79597306950492
flexao cabeca:	159.23029138811685
flexao cabeca:	159.610582869398
flexao cabeca:	159.98640576521709
flexao cabeca:	160.2842533282262
flexao cabeca:	160.54588083025982
flexao cabeca:	160.74337834138748
flexao cabeca:	160.9172407881079
flexao cabeca:	161.06507953520992
flexao cabeca:	161.14739510134075
flexao cabeca:	161.16934524119455
flexao cabeca:	161.07511077383433
flexao cabeca:	160.83159826449378
flexao cabeca:	160.40822346218536
flexao cabeca:	159.88403786963949
flexao cabeca:	159.31465669629895
flexao cabeca:	158.68663173170933
flexao cabeca:	158.09980492406484
flexao cabeca:	157.52502102762404
flexao cabeca:	156.99737391763043
flexao cabeca:	156.46141268465357
flexao cabeca:	155.9349327632353
flexao cabeca:	155.39027812133884
flexao cabeca:	154.8705141707252
flexao cabeca:	154.34362913443462
flexao cabeca:	153.7553534905451
flexao cabeca:	153.10183431840983
flexao cabeca:	152.4175533115384
flexao cabeca:	151.67809407386602
flexao cabeca:	150.8856710774014
flexao cabeca:	150.01969210531024
flexao cabeca:	149.09975929007607
flexao cabeca:	148.16932670325014
flexao cabeca:	147.24865164334904
flexao cabeca:	146.30866345353127
flexao cabeca:	145.40486818157507
flexao cabeca:	144.40779733469176
flexao cabeca:	143.61514477842417
flexao cabeca:	142.8817804062719
flexao cabeca:	142.21916641936286
flexao cabeca:	141.63820466705351
flexao cabeca:	141.08042048075683
flexao cabeca:	140.57241249962303
flexao cabeca:	140.07328412382384
flexao cabeca:	139.54493692264973
flexao cabeca:	139.0051744509801
flexao cabeca:	138.45886238174435
flexao cabeca:	137.90977305759034
flexao cabeca:	137.38407041377542
flexao cabeca:	136.83365813389935
flexao cabeca:	136.27171110204895
flexao cabeca:	135.69604609573142
flexao cabeca:	135.93018548487626
flexao cabeca:	135.2661602178536
flexao cabeca:	134.6378047362916
flexao cabeca:	133.96739678898055
flexao cabeca:	133.361841465963
flexao cabeca:	132.7245049624563
flexao cabeca:	132.12658349873215
flexao cabeca:	131.60591925383537
flexao cabeca:	131.09608922570808
flexao cabeca:	130.6645021223327
flexao cabeca:	130.02490096921917
flexao cabeca:	129.72907963880385
flexao cabeca:	129.41997138779433
flexao cabeca:	129.20699777820795
flexao cabeca:	129.0525850815352
flexao cabeca:	128.96225725742522
flexao cabeca:	128.9819479655354
flexao cabeca:	129.059659564042
flexao cabeca:	129.22781095007366
flexao cabeca:	129.40973747300862
flexao cabeca:	129.6048308800979
flexao cabeca:	129.8055512550888
flexao cabeca:	130.07005814784998
flexao cabeca:	130.43124328749107
flexao cabeca:	131.11485219430836
flexao cabeca:	131.52483778803943
flexao cabeca:	131.92108913361255
flexao cabeca:	132.35546607487095
flexao cabeca:	132.83924994682494
flexao cabeca:	133.31653821554642
flexao cabeca:	133.76100987493555
flexao cabeca:	134.2504792295632
flexao cabeca:	134.84158502213256
flexao cabeca:	135.47047846335167
flexao cabeca:	136.0548705269212
flexao cabeca:	136.60998059993204
flexao cabeca:	136.35776926497732
flexao cabeca:	136.91688136391573
flexao cabeca:	137.48360346587916
flexao cabeca:	138.0481837024277
flexao cabeca:	138.65144964397913
flexao cabeca:	139.2872138275992
flexao cabeca:	139.94438307309284
flexao cabeca:	140.60406184868384
flexao cabeca:	141.27934677744858
flexao cabeca:	141.95534273818154
flexao cabeca:	142.65377943222555
flexao cabeca:	143.34804467459733
flexao cabeca:	144.04198462247635
flexao cabeca:	144.7523549172311
flexao cabeca:	145.41689682352555
flexao cabeca:	146.04846349454672
flexao cabeca:	146.8820648867274
flexao cabeca:	147.55557788749516
flexao cabeca:	148.2619417901848
flexao cabeca:	148.99034068054462
flexao cabeca:	149.6822830571204
flexao cabeca:	150.35966720573762
flexao cabeca:	151.03251487373413
flexao cabeca:	151.76618436739625
flexao cabeca:	152.47918329872627
flexao cabeca:	153.15259802360944
flexao cabeca:	153.79736566687492
flexao cabeca:	154.44493463360482
flexao cabeca:	155.0617599948609
flexao cabeca:	155.65561078654497
flexao cabeca:	156.17216332505757
flexao cabeca:	156.611225165294
flexao cabeca:	157.01949131791562
flexao cabeca:	157.34023058164288
flexao cabeca:	157.63763414323722
flexao cabeca:	157.9419603769747
flexao cabeca:	158.22356669205362
flexao cabeca:	158.52698896950395
flexao cabeca:	158.8220793531038
flexao cabeca:	159.1204238210869
flexao cabeca:	159.39921106461878
flexao cabeca:	159.69010790313737
flexao cabeca:	159.94410179278432
flexao cabeca:	160.1913948611415
flexao cabeca:	160.4324891175605
flexao cabeca:	160.63699436374813
flexao cabeca:	160.82972080579665
flexao cabeca:	160.95148837923878
flexao cabeca:	160.99614923387895
flexao cabeca:	160.9988527102425
flexao cabeca:	160.97855038050005
flexao cabeca:	160.91138225836204
flexao cabeca:	160.77750994925245
flexao cabeca:	160.59051419936446
flexao cabeca:	160.32342867713407
flexao cabeca:	160.0161043141364
flexao cabeca:	159.62713468696248
flexao cabeca:	159.18675238880755
flexao cabeca:	158.6877735007571
flexao cabeca:	158.12813170840653
flexao cabeca:	157.469912952745
flexao cabeca:	156.76672675395588
flexao cabeca:	156.01817463678492
flexao cabeca:	155.28103662190458
flexao cabeca:	154.52253687046078
flexao cabeca:	153.78246697522945
flexao cabeca:	153.05786206864295
flexao cabeca:	152.39278632578473
flexao cabeca:	151.74668723802716
flexao cabeca:	151.12854844037992
flexao cabeca:	150.52834794243194
flexao cabeca:	149.95244956016762
flexao cabeca:	149.36691318086463
flexao cabeca:	148.7510208953856
flexao cabeca:	148.13031253038645
flexao cabeca:	147.5253776531456
flexao cabeca:	146.9017772350408
flexao cabeca:	146.27354132776784
flexao cabeca:	145.47553406755148
flexao cabeca:	144.80647700176482
flexao cabeca:	144.11013721583055
flexao cabeca:	143.41621253836794
flexao cabeca:	142.75207011323573
flexao cabeca:	142.15114590196947
flexao cabeca:	141.5505148073694
flexao cabeca:	140.94126868782658
flexao cabeca:	140.35628663424112
flexao cabeca:	139.78508902011993
flexao cabeca:	139.22124242801098
flexao cabeca:	138.68852302830996
flexao cabeca:	138.1263203339321
flexao cabeca:	137.5839498673761
flexao cabeca:	137.83321059621326
flexao cabeca:	137.22519455259163
flexao cabeca:	136.5570822328092
flexao cabeca:	135.91565096214336
flexao cabeca:	135.2664326596775
flexao cabeca:	134.660678442797
flexao cabeca:	134.07274934899002
flexao cabeca:	133.4685963625538
flexao cabeca:	132.91848758916052
flexao cabeca:	132.38046564482488
flexao cabeca:	131.87666004911486
flexao cabeca:	131.10893632360526
flexao cabeca:	130.6388171557458
flexao cabeca:	130.2606780891724
flexao cabeca:	130.0037931311486
flexao cabeca:	129.80041740033053
flexao cabeca:	129.76899266080258
flexao cabeca:	129.8152507536698
flexao cabeca:	129.93298023085472
flexao cabeca:	130.03941202960516
flexao cabeca:	130.17736460951147
flexao cabeca:	130.35756552908
flexao cabeca:	130.5154556295258
flexao cabeca:	130.69970709356716
flexao cabeca:	130.96031523475315
flexao cabeca:	131.22986823264574
flexao cabeca:	131.58705153262778
flexao cabeca:	132.23165459925022
flexao cabeca:	132.6119799076767
flexao cabeca:	133.04394758659623
flexao cabeca:	133.52151106246274
flexao cabeca:	134.03079721730134
flexao cabeca:	134.58626535286623
flexao cabeca:	135.14785006428727
flexao cabeca:	135.75426384136105
flexao cabeca:	136.35988853214056
flexao cabeca:	136.9822617932997
flexao cabeca:	137.6363495152588
flexao cabeca:	137.50182559052496
flexao cabeca:	138.16337560982953
flexao cabeca:	138.83914686729045
flexao cabeca:	139.6106956409208
flexao cabeca:	140.4089000419891
flexao cabeca:	141.2778847871099
flexao cabeca:	142.1565909866982
flexao cabeca:	143.1131907086884
flexao cabeca:	144.053572022207
flexao cabeca:	145.19388993880975
flexao cabeca:	146.08186500774468
flexao cabeca:	146.94154228018476
flexao cabeca:	147.72491431605985
flexao cabeca:	148.48386962852473
flexao cabeca:	149.25270226464497
flexao cabeca:	150.0157400620009
flexao cabeca:	150.7514563617034
flexao cabeca:	151.44460963863963
flexao cabeca:	152.18246174240718
flexao cabeca:	152.90375568748286
flexao cabeca:	153.6009233880301
flexao cabeca:	154.3017253223282
flexao cabeca:	154.98647653313003
flexao cabeca:	155.62856683942442
flexao cabeca:	156.2230559049732
flexao cabeca:	156.76488886413244
flexao cabeca:	157.29567371277864
flexao cabeca:	157.78717572877494
flexao cabeca:	158.28914878392456
flexao cabeca:	158.71612006175684
flexao cabeca:	159.1248271706622
flexao cabeca:	159.47547469706302
flexao cabeca:	159.74577472165973
flexao cabeca:	159.98745563514552
flexao cabeca:	160.20104339351036
flexao cabeca:	160.38552005623745
flexao cabeca:	160.4928654025424
flexao cabeca:	160.55790583856418
flexao cabeca:	160.61817742743295
flexao cabeca:	160.65269208623715
flexao cabeca:	160.6666591408826
flexao cabeca:	160.6565094278663
flexao cabeca:	160.62250609865094
flexao cabeca:	160.57056859430907
flexao cabeca:	160.46219971818414
flexao cabeca:	160.30129230452346
flexao cabeca:	160.11850194694566
flexao cabeca:	159.90981828923395
flexao cabeca:	159.7012584067266
flexao cabeca:	159.494745614245
flexao cabeca:	159.24593956801894
flexao cabeca:	158.98156784000898
flexao cabeca:	158.68494298339883
flexao cabeca:	158.33234588002588
flexao cabeca:	157.90594496874468
flexao cabeca:	157.38790037072636
flexao cabeca:	156.85482345366503
flexao cabeca:	156.2649172267837
flexao cabeca:	155.69194908801174
flexao cabeca:	155.13043867387654
flexao cabeca:	154.58647023285883
flexao cabeca:	154.08214519350895
flexao cabeca:	153.6325591015102
flexao cabeca:	153.23107427547703
flexao cabeca:	152.82948468725417
flexao cabeca:	152.41126872052226
flexao cabeca:	151.95810034049103
flexao cabeca:	151.4419080234787
flexao cabeca:	150.84855780266767
flexao cabeca:	150.22029680613122
flexao cabeca:	149.55076127124659
flexao cabeca:	148.86054030408218
flexao cabeca:	148.11048253028605
flexao cabeca:	147.3340526930961
flexao cabeca:	146.5784912226673
flexao cabeca:	145.8696246866231
flexao cabeca:	145.0956301867285
flexao cabeca:	144.47330590541404
flexao cabeca:	143.83832952301054
flexao cabeca:	143.193555416549
flexao cabeca:	142.48817297741178
flexao cabeca:	141.78573257061575
flexao cabeca:	141.12429144439994
flexao cabeca:	140.50516702536856
flexao cabeca:	139.92209578753648
flexao cabeca:	139.35003318720453
flexao cabeca:	138.79885486676986
flexao cabeca:	138.2787645190515
flexao cabeca:	137.76227317404505
flexao cabeca:	137.26956813042963
flexao cabeca:	136.7850293775884
flexao cabeca:	137.1387498992378
flexao cabeca:	136.56754986465663
flexao cabeca:	135.9777872101356
flexao cabeca:	135.38196970007155
flexao cabeca:	134.79531144220982
flexao cabeca:	134.16729182791153
flexao cabeca:	133.6302960569881
flexao cabeca:	133.14965320839147
flexao cabeca:	132.70719567958287
flexao cabeca:	132.01745815890968
flexao cabeca:	131.90703591764407
flexao cabeca:	131.55124067111143
flexao cabeca:	131.0139377993364
flexao cabeca:	130.88397313001988
flexao cabeca:	130.82892656609312
flexao cabeca:	130.8361060928632
flexao cabeca:	130.91615733268623
flexao cabeca:	131.0338629287129
flexao cabeca:	131.25252085612783
flexao cabeca:	131.42626727859485
flexao cabeca:	131.94727189088096
flexao cabeca:	132.19172819932933
flexao cabeca:	132.51121323524796
flexao cabeca:	132.8579181977194
flexao cabeca:	133.2971301695398
flexao cabeca:	133.78582160239012
flexao cabeca:	134.27420734343286
flexao cabeca:	134.82232842621661
flexao cabeca:	135.38507117691506
flexao cabeca:	135.98916931606604
flexao cabeca:	135.74767007964059
flexao cabeca:	136.3620714509588
flexao cabeca:	137.02207706481613
flexao cabeca:	137.69796665486507
flexao cabeca:	138.35598387191138
flexao cabeca:	139.01033779670968
flexao cabeca:	139.68081244336133
flexao cabeca:	140.33259993508884
flexao cabeca:	141.06598664003752
flexao cabeca:	141.8109510867878
flexao cabeca:	142.55465022008042
flexao cabeca:	143.31928775089577
flexao cabeca:	144.17519566508741
flexao cabeca:	145.1850887258413
flexao cabeca:	146.07292287026476
flexao cabeca:	146.9697760546649
flexao cabeca:	147.93326674049308
flexao cabeca:	148.89386193825618
flexao cabeca:	149.87170531022878
flexao cabeca:	150.79390649513664
flexao cabeca:	151.7174615257713
flexao cabeca:	152.63255840419356
flexao cabeca:	153.51188107896223
flexao cabeca:	154.38545115395252
flexao cabeca:	155.25607643279665
flexao cabeca:	156.0625840846109
flexao cabeca:	156.83452708573054
flexao cabeca:	157.51069813432628
flexao cabeca:	158.1526957863214
flexao cabeca:	158.76171107335713
flexao cabeca:	159.32225032170265
flexao cabeca:	159.8851036013163
flexao cabeca:	160.38958213025052
flexao cabeca:	160.89751385826935
flexao cabeca:	161.39024410346735
flexao cabeca:	161.9333309368793
flexao cabeca:	162.5619444635708
flexao cabeca:	163.27150588997947
flexao cabeca:	163.97506318338029
flexao cabeca:	164.68511748220018
flexao cabeca:	165.35843932967057
flexao cabeca:	165.94362384232875
flexao cabeca:	166.4213004361811
flexao cabeca:	166.76967841585284
flexao cabeca:	167.02175760082218
flexao cabeca:	167.16137347823923
flexao cabeca:	167.21513415701904
flexao cabeca:	167.1604998237233
flexao cabeca:	167.0105156695704
flexao cabeca:	166.82259278091686
flexao cabeca:	166.58478518047968
flexao cabeca:	166.29428656886117
flexao cabeca:	165.9223251136679
flexao cabeca:	165.46334755984952
flexao cabeca:	164.948807405081
flexao cabeca:	164.40330816153883
flexao cabeca:	163.75997935885692
flexao cabeca:	163.08698232268702
flexao cabeca:	162.3569931288756
flexao cabeca:	161.6197985953387
flexao cabeca:	160.89303187188915
flexao cabeca:	160.15905226659336
flexao cabeca:	159.41393567066123
flexao cabeca:	158.6917065553937
flexao cabeca:	158.00314928259218
flexao cabeca:	157.34327647402844
flexao cabeca:	156.67467328206715
flexao cabeca:	155.98662753760362
flexao cabeca:	155.29815034643974
flexao cabeca:	154.58954112063608
flexao cabeca:	153.86391795896688
flexao cabeca:	153.1283178713899
flexao cabeca:	152.3818793557372
flexao cabeca:	151.64075075799107
flexao cabeca:	150.8977699762893
flexao cabeca:	150.1528174363786
flexao cabeca:	149.37970414755017
flexao cabeca:	148.6180547108041
flexao cabeca:	147.8626187332559
flexao cabeca:	147.12254891867104
flexao cabeca:	146.4010170853792
flexao cabeca:	145.72653281993357
flexao cabeca:	145.04194844595824
flexao cabeca:	144.21133171741033
flexao cabeca:	143.55416661726008
flexao cabeca:	142.93831404283713
flexao cabeca:	142.34311962287848
flexao cabeca:	141.7455612298432
flexao cabeca:	141.12396279726323
flexao cabeca:	140.5048659414408
flexao cabeca:	139.90133674974254
flexao cabeca:	139.2810663684028
flexao cabeca:	138.63977427077666
flexao cabeca:	138.02106202278802
flexao cabeca:	137.3725418221518
flexao cabeca:	136.74849607952146
flexao cabeca:	136.1807910619357
flexao cabeca:	135.6177628934626
flexao cabeca:	135.0837616769472
flexao cabeca:	134.6264599124788
flexao cabeca:	134.21723513925258
flexao cabeca:	133.82617604148672
flexao cabeca:	134.2624259921699
flexao cabeca:	133.63414296628756
flexao cabeca:	133.76517138609947
flexao cabeca:	133.63494885664159
flexao cabeca:	133.53637210726683
flexao cabeca:	133.1448166592745
flexao cabeca:	133.12122628137303
flexao cabeca:	133.16446173176146
flexao cabeca:	133.28018917868087
flexao cabeca:	132.66936831713122
flexao cabeca:	132.8290179536727
flexao cabeca:	133.01567321979962
flexao cabeca:	133.2840846427489
flexao cabeca:	133.55680915005482
flexao cabeca:	133.8982786198181
flexao cabeca:	134.490401686491
flexao cabeca:	134.8739360382779
flexao cabeca:	135.30526117301244
flexao cabeca:	135.79226320927975
flexao cabeca:	136.3216630363303
flexao cabeca:	136.85527572927222
flexao cabeca:	137.41264246835553
flexao cabeca:	138.00335391064698
flexao cabeca:	138.60458393897383
flexao cabeca:	139.20087807700614
flexao cabeca:	139.80639814639008
flexao cabeca:	140.46994093752465
flexao cabeca:	141.13572822191296
flexao cabeca:	141.84267612662805
flexao cabeca:	142.57099814246837
flexao cabeca:	143.3702099892958
flexao cabeca:	144.26727034650497
flexao cabeca:	145.1249754806653
flexao cabeca:	146.01807594675088
flexao cabeca:	146.92433731992884
flexao cabeca:	147.86136625756237
flexao cabeca:	148.80977255805442
flexao cabeca:	149.7352441767898
flexao cabeca:	150.59761939346214
flexao cabeca:	151.41902335674607
flexao cabeca:	152.2443154406399
flexao cabeca:	153.06947010161147
flexao cabeca:	153.92753547793083
flexao cabeca:	154.80921933855666
flexao cabeca:	155.69642414896649
flexao cabeca:	156.56513100697654
flexao cabeca:	157.4079175746457
flexao cabeca:	158.20997227301302
flexao cabeca:	159.00637958723723
flexao cabeca:	159.7731201684556
flexao cabeca:	160.45320459894376
flexao cabeca:	161.06947327539532
flexao cabeca:	161.55715126845527
flexao cabeca:	161.98409856575984
flexao cabeca:	162.3099005387713
flexao cabeca:	162.63730381496038
flexao cabeca:	162.94389767334297
flexao cabeca:	163.23684846547664
flexao cabeca:	163.5320387724853
flexao cabeca:	163.81199361977428
flexao cabeca:	164.10368175877383
flexao cabeca:	164.2992881654255
flexao cabeca:	164.4204480277505
flexao cabeca:	164.45106942735168
flexao cabeca:	164.3754998202973
flexao cabeca:	164.21772291840412
flexao cabeca:	163.98862514576402
flexao cabeca:	163.70727436672823
flexao cabeca:	163.3779691142601
flexao cabeca:	163.02253112381936
flexao cabeca:	162.63506411202627
flexao cabeca:	162.23026514636345
flexao cabeca:	161.8371606575385
flexao cabeca:	161.41577847993332
flexao cabeca:	161.02873062337707
flexao cabeca:	160.64380773015887
flexao cabeca:	160.26313383458557
flexao cabeca:	159.84675226233188
flexao cabeca:	159.4433650490967
flexao cabeca:	158.9562070321538
flexao cabeca:	158.3797831957772
flexao cabeca:	157.734918461786
flexao cabeca:	157.01145570179511
flexao cabeca:	156.22196406843224
flexao cabeca:	155.32766262914222
flexao cabeca:	154.4002327824644
flexao cabeca:	153.45925452589177
flexao cabeca:	152.57924310355148
flexao cabeca:	151.78479834567418
flexao cabeca:	151.08667987602573
flexao cabeca:	150.4426699776799
flexao cabeca:	149.8142960399516
flexao cabeca:	149.21737053442027
flexao cabeca:	148.6343797144789
flexao cabeca:	148.0026194523941
flexao cabeca:	147.3600722030029
flexao cabeca:	146.71942138489945
flexao cabeca:	146.02419204340416
flexao cabeca:	145.16697185825876
flexao cabeca:	144.59992541158755
flexao cabeca:	143.71996640010272
flexao cabeca:	142.97506003204555
flexao cabeca:	142.21475113749915
flexao cabeca:	141.43659909391528
flexao cabeca:	140.67892703101876
flexao cabeca:	139.92100097722508
flexao cabeca:	139.1618760554135
flexao cabeca:	138.43151438543129
flexao cabeca:	137.70741283039118
flexao cabeca:	137.040011993542
flexao cabeca:	136.37649623806297
flexao cabeca:	135.74685115456765
flexao cabeca:	135.1303414773493
flexao cabeca:	134.2277267372835
flexao cabeca:	133.68365452073152
flexao cabeca:	134.3757549355161
flexao cabeca:	134.02479430103153
flexao cabeca:	133.87873270633443
flexao cabeca:	133.80724280404715
flexao cabeca:	133.81197243359662
flexao cabeca:	133.54790850366425
flexao cabeca:	133.96259872899014
flexao cabeca:	134.06090790449588
flexao cabeca:	134.2233154162433
flexao cabeca:	134.42376231054385
flexao cabeca:	134.5970824056031
flexao cabeca:	133.7416567634701
flexao cabeca:	134.32074689033655
flexao cabeca:	134.62318102892814
flexao cabeca:	134.9725510872078
flexao cabeca:	135.3885909922212
flexao cabeca:	135.85462155513164
flexao cabeca:	136.3578095926988
flexao cabeca:	136.92421365413782
flexao cabeca:	137.50224287943746
flexao cabeca:	138.09820828025792
flexao cabeca:	138.75019188636134
flexao cabeca:	139.36556225044527
flexao cabeca:	140.0410252904797
flexao cabeca:	140.73753031499052
flexao cabeca:	141.55978318997884
flexao cabeca:	142.38569204844973
flexao cabeca:	143.29359181975684
flexao cabeca:	144.20853587541018
flexao cabeca:	145.30476423023154
flexao cabeca:	146.2503398861985
flexao cabeca:	147.14700270022598
flexao cabeca:	148.0603376836793
flexao cabeca:	148.9416219145082
flexao cabeca:	149.8201963294464
flexao cabeca:	150.68756077814723
flexao cabeca:	151.54786970128714
flexao cabeca:	152.4270365714049
flexao cabeca:	153.29527278985293
flexao cabeca:	154.12931107619545
flexao cabeca:	154.9577687373627
flexao cabeca:	155.77875356313572
flexao cabeca:	156.5350954751665
flexao cabeca:	157.2567469954846
flexao cabeca:	157.9264424230839
flexao cabeca:	158.51028252134725
flexao cabeca:	159.00838785553046
flexao cabeca:	159.43425159696818
flexao cabeca:	159.84586890251936
flexao cabeca:	160.34445300806573
flexao cabeca:	160.84344878377888
flexao cabeca:	161.34999496671904
flexao cabeca:	161.8060844182155
flexao cabeca:	162.20699062229912
flexao cabeca:	162.60565148004935
flexao cabeca:	163.00253293147
flexao cabeca:	163.3907099810591
flexao cabeca:	163.76363582286623
flexao cabeca:	164.09704343920706
flexao cabeca:	164.4031656257301
flexao cabeca:	164.6797944512197
flexao cabeca:	164.88404768387898
flexao cabeca:	164.99819554893185
flexao cabeca:	165.05393693024706
flexao cabeca:	165.07719008427753
flexao cabeca:	165.0719460991696
flexao cabeca:	165.00426144179409
flexao cabeca:	164.9033125808491
flexao cabeca:	164.77660966637907
flexao cabeca:	164.65900745846733
flexao cabeca:	164.49093563094027
flexao cabeca:	164.2555006016037
flexao cabeca:	163.94827999899977
flexao cabeca:	163.6364451191005
flexao cabeca:	163.25352581307092
flexao cabeca:	162.79837446001878
flexao cabeca:	162.32853852214174
flexao cabeca:	161.78818146086306
flexao cabeca:	161.24330671446103
flexao cabeca:	160.6684647245539
flexao cabeca:	160.09169433409104
flexao cabeca:	159.49441805443962
flexao cabeca:	158.89966468929214
flexao cabeca:	158.27547065097846
flexao cabeca:	157.6926441537015
flexao cabeca:	157.09579123791065
flexao cabeca:	156.45189049852672
flexao cabeca:	155.81528749673421
flexao cabeca:	155.14582989583764
flexao cabeca:	154.4902908651175
flexao cabeca:	153.78252964563634
flexao cabeca:	153.06138005326804
flexao cabeca:	152.32875269868165
flexao cabeca:	151.60770854409878
flexao cabeca:	150.84812155994226
flexao cabeca:	150.05718214154516
flexao cabeca:	149.23280964842743
flexao cabeca:	148.38755415154165
flexao cabeca:	147.51957812115822
flexao cabeca:	146.71388457689196
flexao cabeca:	145.88997262709813
flexao cabeca:	145.06220436442305
flexao cabeca:	144.05772650124138
flexao cabeca:	143.28686904534572
flexao cabeca:	142.54590073992625
flexao cabeca:	141.8117124807891
flexao cabeca:	141.25537425285017
flexao cabeca:	140.8488454179409
flexao cabeca:	140.4919601126816
flexao cabeca:	140.14696837151013
flexao cabeca:	139.8768105947323
flexao cabeca:	139.5823199830038
flexao cabeca:	139.31609903248497
flexao cabeca:	139.02158991079327
flexao cabeca:	138.72775577061068
flexao cabeca:	138.44474065724606
flexao cabeca:	138.21245779872876
flexao cabeca:	138.03779530556616
flexao cabeca:	137.92516146388297
flexao cabeca:	137.87496240381608
flexao cabeca:	137.86232911552167
flexao cabeca:	137.8872582470074
flexao cabeca:	137.93323059944626
flexao cabeca:	137.98746901987406
flexao cabeca:	138.0339826620224
flexao cabeca:	138.08910518248936
flexao cabeca:	138.16273196836775
flexao cabeca:	138.23215393199476
flexao cabeca:	138.31807818412761
flexao cabeca:	138.41571414504332
flexao cabeca:	138.58234949224214
flexao cabeca:	138.7594768499638
flexao cabeca:	139.04141127370966
flexao cabeca:	139.3187127473009
flexao cabeca:	139.64132400045847
flexao cabeca:	140.0179033352849
flexao cabeca:	140.4297301723611
flexao cabeca:	140.91988120313184
flexao cabeca:	141.38883789828662
flexao cabeca:	141.8562341393742
flexao cabeca:	142.33304307940656
flexao cabeca:	142.7567409616349
flexao cabeca:	143.15185848513133
flexao cabeca:	143.56074768951822
flexao cabeca:	144.0807251453591
flexao cabeca:	144.27399268009168
flexao cabeca:	144.75707621389873
flexao cabeca:	144.8568586033147
flexao cabeca:	145.0880039067778
flexao cabeca:	145.40587513833054
flexao cabeca:	145.38799198671057
flexao cabeca:	145.48022749735813
flexao cabeca:	145.54771157192397
flexao cabeca:	145.7488260134199
flexao cabeca:	145.79212904828398
flexao cabeca:	145.83240120674193
flexao cabeca:	145.86497400894314
flexao cabeca:	145.87915839841807
flexao cabeca:	145.89045280329634
flexao cabeca:	145.9306529713869
flexao cabeca:	145.97936614322612
flexao cabeca:	146.04693968159086
flexao cabeca:	146.09312557327004
flexao cabeca:	146.14778208025245
flexao cabeca:	146.18132512012832
flexao cabeca:	146.2440707847952
flexao cabeca:	146.35598675404506
flexao cabeca:	146.4275486663768
flexao cabeca:	146.48332423078153
